編號,旅館登記證編號,中文名稱,郵遞區號,地址,合計總房間數
1,001,仲信金鬱金香酒店(品臻樓),406,406臺中市北屯區后庄路306號,100
2,004,二川行旅,402,402臺中市南區復興路3段372號,51
3,007,新福商務飯店,404,404臺中市北區崇德路一段647號1樓、3樓之1至之6、4樓之1至之10、5樓之1至之10、6樓之1至之10、7樓之1至之2,43
4,008,展旺台中輕行旅,400,400臺中市中區建國路180號,81
5,010,成尼斯汽車旅館,407,407臺中市西屯區上安路175號1、2樓,25
6,011,富王大飯店,407,407臺中市西屯區文心路2段636號,141
7,012,婧仕女微旅,403,403臺中市西區大和路3號1至7樓,24
8,013,車王大飯店,404,"404臺中市北區精武路590號,柳川東路4段13號6樓1-24,7樓1-24",48
9,014,碧根逢甲酒店,407,407臺中市西屯區福星路427號1-11樓,130
10,015,企業家大飯店,401,"401臺中市東區和平街160號1至4樓,158巷7號1至6樓",79
11,016,雙星大飯店,401,401臺中市東區復興路4段158號,104
12,017,立中大飯店,407,407臺中市西屯區大恩街38號,49
13,018,黃埔75旅店,403,403臺中市西區五權路203號,56
14,019,友愛富豪國際大飯店,404,404臺中市北區五權路317號6-12樓,77
15,020,銀河別舘,400,400臺中市中區光復路151號11樓之3,13
16,021,怡達汽車旅館,401,401臺中市東區旱溪東路1段429號,33
17,023,碧園旅店,400,400臺中市中區台灣大道一段208號,30
18,027,怡東商務旅館,404,404臺中市北區文昌一街10號,73
19,028,逗留旅店 DOULIU inn Hotel,403,403臺中市西區西屯路一段175號1至6樓,50
20,029,北一賓館,406,406臺中市北屯區天祥街7、9、9之1之2之3之4之5號,21
21,030,金典綠園道商旅,403,403臺中市西區健行路1049號17樓及19樓等32戶,29
22,031,福爾摩沙ㄤ婿文旅,404,404臺中市北區成功路469號,30
23,033,美之旅商務飯店,403,403臺中市西區美村路一段269號,56
24,034,挪威森林行旅1號館,400,400臺中市中區建國路184號3至11樓,54
25,035,微笑73旅店,400,400臺中市中區光復路101號,52
26,036,東城年代旅舍,400,400臺中市中區中山路14號,25
27,037,樂府大飯店,400,400臺中市中區建國路89號5樓之1(5-11樓),66
28,038,名帥大飯店,400,400臺中市中區市府路146號6-8樓,48
29,041,法堤商旅,404,404臺中市北區健行路585號,60
30,042,葉綠宿 川閱,400,400臺中市中區綠川西街123號8樓之1至12樓之1,60
31,043,簡愛汽車旅館,404,404臺中市北區山西路1段86號,33
32,044,銀座大飯店,400,400臺中市中區臺灣大道一段81巷18號,61
33,045,麗緹汽車旅館,406,406臺中市北屯區綏遠路2段91號,25
34,046,台中麗港酒店,403,403臺中市西區臺灣大道一段709號,121
35,047,鼎隆國際商旅,407,407臺中市西屯區臺灣大道三段558號,30
36,049,海頓汽車旅館,406,406臺中市北屯區松竹南街1號,25
37,050,奇異果快捷旅店-捷運文心店,407,407臺中市西屯區文心路三段362號,32
38,051,金沙汽車旅館,404,404臺中市北區太平路201號,33
39,055,奇異果快捷旅店-捷運中清店,404,404臺中市北區華美街2段312號,48
40,056,雀客旅館台中自由,400,400臺中市中區自由路2段52之1號(1至7樓),48
41,057,晨星旅店,403,403臺中市西區五權路2-55號,78
42,058,花洲大旅社,400,400臺中市中區平等街132號2樓,10
43,059,君鈦商務飯店,406,406臺中市北屯區大連路1段278號,74
44,060,53行館,400,400臺中市中區中山路27號,70
45,063,台中之星汽車旅館,407,407臺中市西屯區黎明路3段388號,39
46,064,富比世大飯店,404,404臺中市北區學士路181號B1-7樓,76
47,066,麒麟峰溫泉旅館,406,406臺中市北屯區東山路2段65巷15號,6
48,067,雀客藏居台中大墩,407,407臺中市西屯區何南里大墩二十街37號,84
49,069,天閣酒店台中THE Tango,408,408臺中市南屯區大墩路525號,125
50,070,皇凱賓館,400,400臺中市中區三民路二段116號6樓之1,13
51,071,西苑旅店,400,400臺中市中區成功路114號1至6樓,35
52,073,奇異果快捷旅店－站前一館,400,400臺中市中區臺灣大道一段19號6至12樓,67
53,074,新羽旅舘,401,401臺中市東區和平街142號,40
54,075,崧湯汽車旅館,406,406臺中市北屯區崇德六路216號,21
55,077,挪威森林行旅3號館,400,400臺中市中區建國路187號,37
56,078,采岩汽車旅館,406,406臺中市北屯區崇德路三段111號,47
57,079,禾康商務旅館,406,406臺中市北屯區四平路35號5-6樓,38
58,081,紅點文旅,400,400臺中市中區民族路206號1至8樓(含206號2樓之1、208號4至6樓、仁愛街17巷1號3至8樓、仁愛街17巷2號3至8樓),55
59,082,福爾摩沙草悟道酒店,403,403臺中市西區向上路1段95號11-14樓,51
60,083,蘭夏會館,408,408臺中市南屯區大墩11街333號,47
61,086,新家大飯店,400,400臺中市中區光復路45號1至5樓,28
62,087,心媞休閒旅館,404,404臺中市北區北區北平路1段2號,27
63,088,倍蒂雅汽車旅舘,406,406臺中市北屯區河北路3段151號,31
64,090,北海大飯店,404,404臺中市北區中清路一段286、288號,30
65,091,華園大旅社,400,400臺中市中區臺灣大道一段81巷2號,20
66,094,緣橋汽車旅館,408,408臺中市南屯區大墩11街433號,47
67,095,塔木德國際旅館,404,404臺中市北區柳川西路4段1號10樓,33
68,096,東圓賓館,404,404臺中市北區成功路443號3至7樓及443之1號3至7樓,48
69,097,歐風商旅,407,407臺中市西屯區惠民路199號1-4樓,36
70,098,瑞君商務旅館,401,401臺中市東區復興路4段100號11-12樓,27
71,099,永豐棧酒店,407,"407臺中市西屯區臺灣大道二段689號B1-1至-3及9-12樓,東興路三段407號,409號2樓-1至13樓-20",250
72,101,高苑旅館,404,404臺中市北區臺灣大道一段640號,40
73,103,仲信金鬱金香酒店(兆尹樓),406,406臺中市北屯區后庄路268、270號1至13樓,124
74,104,安順商務旅館,406,"406臺中市北屯區安順東二街45,47號",28
75,106,安可旅店,400,400臺中市中區中山路3-1號,46
76,108,漢彌敦大飯店,403,403臺中市西區華美街303-1號,46
77,110,皇星商旅,407,407臺中市西屯區臺灣大道三段556巷1弄8號,42
78,111,麗加園邸酒店,403,"403臺中市西區公益路111號1-5樓及模範街37,39號1-5樓",66
79,112,巴里島汽車旅館,406,406臺中市北屯區昌平東五路80號,36
80,115,臺中公園智選假日飯店,400,"400臺中市中區自由路2段94號1,3,4,5,12,13樓",168
81,116,米可商務旅館,403,403臺中市西區篤信街26號,20
82,117,萬年旅社,401,401臺中市東區立德街58號,27
83,120,富春大飯店,400,400臺中市中區中山路3號,61
84,121,米卡沙旅店,401,401臺中市東區復興路4段149巷5弄8號,37
85,122,美豐旅社,400,400臺中市中區建國路159巷12號,18
86,124,南北旅社,400,400臺中市中區建國路159巷15號,15
87,125,意文大飯店,400,400臺中市中區成功路160號,49
88,128,海德堡汽車旅館,433,433臺中市沙鹿區北勢東路660巷1、3、5號,20
89,129,花國大旅社,400,400臺中市中區成功路26號6-7樓,26
90,131,歐遊國際精品旅館(台中館),408,408臺中市南屯區文心南路98號,40
91,132,東城年代旅舍中山館,400,400臺中市中區中山路17之7之1、17之8之1號,35
92,133,長泓心圓汽車旅館,406,406臺中市北屯區昌平東三路59號,26
93,134,奇異果快捷旅店-成功店,400,400臺中市中區成功路165號,39
94,135,新驛旅店台中車站店,401,401臺中市東區復興路4段133號,104
95,137,仁美時尚大飯店,404,404臺中市北區中清路一段36號,48
96,138,薩圖恩文旅,404,404臺中市北區健行路590號4-7樓,32
97,140,富帝大飯店,402,402臺中市南區南屯路1段279號,42
98,141,奇異果快捷旅店-中正店,400,400臺中市中區臺灣大道一段441號3至9樓,43
99,142,第五大道汽車旅館,407,407臺中市西屯區市政北二路51號,21
100,143,宿野行旅,404,404臺中市北區五義街167號,35
101,144,香城大飯店,406,406臺中市北屯區柳陽東街50號,65
102,146,合樂商務旅館,407,407臺中市西屯區朝馬路21號,48
103,147,優勝美地汽車旅館太原會館,404,404臺中市北區太原路二段3、5號,27
104,148,黃金屋綠能旅店,408,408臺中市南屯區五權西路2段855號,47
105,151,百老匯賓館,404,404臺中市北區原子街127巷21-1號4樓,7
106,152,米閣商旅,404,404臺中市北區六合里成功路437號,57
107,153,旭日文旅,404,404臺中市北區五權路276號1~5樓，272、274號2~5樓，太平路221號2~5樓,48
108,154,創意時尚旅店,404,404臺中市北區五權路332、334號1至7樓,98
109,155,太吉利旅社,404,404臺中市北區五常街30號,22
110,156,博奇大飯店,400,400臺中市中區雙十路一段5號,134
111,158,巧合大飯店,400,400臺中市中區建國路163號,123
112,159,豪宮大飯店,400,400臺中市中區光復路115號,37
113,160,米拉商務旅館,404,404臺中市北區進化路632號1、2、3、4、5、6樓,30
114,161,文華道會館,407,"407臺中市西屯區文華路138巷31號,150巷52號3-8樓",196
115,162,中南海酒店,406,406臺中市北屯區敦化路一段481號、485號,90
116,163,竹林雅緻商務汽車旅館,408,408臺中市南屯區大觀路19巷20號,31
117,167,儷金商務旅館,404,404臺中市北區太原路1段520號,47
118,168,水瓶汽車旅館,408,408臺中市南屯區南屯區大墩南路427號,35
119,170,映夜行館,407,407臺中市西屯區市政北七路192號,31
120,171,優勝美地汽車旅館中華會館,404,404臺中市北區中華路2段197號,26
121,173,傳思文旅,402,402臺中市南區忠孝路150號1至7樓,27
122,174,沐蘭汽車旅館,407,407臺中市西屯區市政路245號,45
123,176,富比多商務大飯店,402,"402臺中市南區正義街41號1,3-7樓",30
124,178,中科大飯店,406,406臺中市北屯區旅順路2段7號1至19樓,225
125,179,夏都汽車旅館,404,404臺中市北區太原路2段68號,33
126,181,全一大飯店,402,402臺中市南區復興路2段74-18號,65
127,182,春天國際旅館,402,402臺中市南區德祥街86號,25
128,183,璽朵精品旅館,407,407臺中市西屯區朝馬二街46號,25
129,185,華登商務大飯店,406,406臺中市北屯區瀋陽路1段84號1至7樓,45
130,186,墨鐵會館,400,400臺中市中區柳川西路三段19號1樓、4樓至12樓,52
131,187,天月人文休閒旅館,407,407臺中市西屯區朝馬三街18號,26
132,190,香榭驪舍大飯店,404,404臺中市北區五權路377號8至11樓,49
133,191,龍城大旅社,401,401臺中市東區立德街13號,14
134,193,台中日光溫泉會館,406,406臺中市北屯區大坑里東山路二段光西巷78號,13
135,195,麗都賓館,407,407臺中市西屯區中康街81號,20
136,196,拓程商務旅館,407,407臺中市西屯區青海路二段242之33號,90
137,197,雀客快捷台中逢甲,407,"407臺中市西屯區至善路234巷2號,16號,12號2至7樓",78
138,198,江洋汽車旅館,404,404臺中市北區漢口路3段96之5號1、2樓,20
139,199,沫秋立柳川行旅,400,400臺中市中區柳川西路三段22號、22號3~12樓之1,73
140,200,台中商務旅館,407,407臺中市西屯區臺灣大道三段593號,101
141,203,明治溫泉大旅社,424,424臺中市和平區東關路一段溫泉巷17號,18
142,204,大芳旅社,420,420臺中市豐原區和平街46號,10
143,205,佳賓旅社,412,412臺中市大里區新南路80號,12
144,207,天一大旅社,436,436臺中市清水區新興路123號,21
145,208,統一大飯店,433,433臺中市沙鹿區日新街92號,49
146,210-1,武陵國民賓館,424,424臺中市和平區平等里武陵路3-1號,116
147,211,谷關溫泉飯店,424,424臺中市和平區東關路一段溫泉巷6號,153
148,212,金家園大旅社,423,423臺中市東勢區第二橫街7號,23
149,214,東關溫泉大旅社,424,424臺中市和平區東關路一段溫泉巷18號,9
150,215,東勢汽車商務旅館,423,423臺中市東勢區正一街1號,19
151,216,武陵富野渡假村,424,424臺中市和平區平等里武陵路3-16號,143
152,217,東平旅社,423,423臺中市東勢區豐勢路480號,14
153,219,立勤大飯店,427,427臺中市潭子區潭陽里中山路二段345號,33
154,220,金龍旅社,423,423臺中市東勢區第二橫街26號,8
155,223,楓采汽車旅館,420,420臺中市豐原區永康路211巷25弄76號,30
156,224,皇春賓館,436,436臺中市清水區新興路145號,40
157,225,川賦商旅,420,"420臺中市豐原區向陽路77-1號1,9-13樓",85
158,226,新瑞士大旅店,424,424臺中市和平區梨山里中正路11號,34
159,227,大甲大飯店,437,437臺中市大甲區蔣公路73號,48
160,231,信東旅館,436,436臺中市清水區中興街35-1號,12
161,232,梨都行旅,424,424臺中市和平區梨山里民族街34號,24
162,233,好望角大飯店,424,424臺中市和平區梨山里民族街52號,34
163,235,新聯美旅社,427,427臺中市潭子區潭陽里潭興路二段494號,6
164,236,僑芳賓館,421,421臺中市后里區后里里復興街104號,12
165,237,福忠彩虹渡假旅館,424,424臺中市和平區梨山里中正路61號,32
166,239,燕華樓行旅,424,424臺中市和平區梨山里民族街22號,29
167,240,東南亞行旅,437,437臺中市大甲區中山路一段943號,11
168,241,寄居蟹行旅,435,435臺中市梧棲區港埠路2段431巷22號,48
169,244,福壽山農場,424,424臺中市和平區梨山里福壽路29號,109
170,248,華麒賓館,437,437臺中市大甲區大甲里光明路62號,22
171,249,福棧,437,437臺中市大甲區育德路21號,21
172,250,城市水棧汽車旅館,428,428臺中市大雅區雅環路一段153號,33
173,251,鴻賓大旅社,420,420臺中市豐原區三民路35號,18
174,252,溫莎堡庭園商務旅館,420,"420臺中市豐原區成功路686,688號",30
175,253,羅馬假期汽車旅館,412,412臺中市大里區勝利二路62號,36
176,255,一三三別舘,414,414臺中市烏日區中山路2段143號,21
177,256,富都大旅社,433,433臺中市沙鹿區中山路294號,15
178,257,國賓大旅社,420,420臺中市豐原區三民路37號,20
179,259,東山旅社,423,423臺中市東勢區豐勢路中盛巷30號,11
180,260,東海旅社,423,423臺中市東勢區第四橫街44號,12
181,262,清泉旅社,428,428臺中市大雅區月祥路502巷1號,6
182,263,真正好旅店,420,420臺中市豐原區源豐路152號,56
183,264,嵩夏汽車旅館,412,412臺中市大里區大明路480號,33
184,265,春天溫泉SPA旅館,412,"412臺中市大里區永隆路451號,東明路608,610號",40
185,267,雅曼妮商務汽車旅館,421,421臺中市后里區民生路348號,30
186,268,清新溫泉飯店,414,414臺中市烏日區溫泉路2號,155
187,271,飛燕城堡度假飯店,424,424臺中市和平區梨山里民族街46號,48
188,272,春水漾旅館,420,420臺中市豐原區成功路579號,47
189,273,風緻精品時尚旅館,412,412臺中市大里區永隆路428號,27
190,274,高鐵戀館,414,414臺中市烏日區新興路15號,20
191,275,統一谷關渡假村,424,424臺中市和平區東關路一段188號,70
192,277,中科后豐會館,429,429臺中市神岡區豐洲里五權路128號,68
193,278,佛羅倫斯別墅旅館,433,433臺中市沙鹿區中山路121-1號,23
194,279,伊戀汽車旅館,436,436臺中市清水區港埠路三段350號,16
195,280,花沐蘭精品旅館,433,433臺中市沙鹿區七賢路288號,30
196,281,彰化縣農會東勢林場,423,423臺中市東勢區勢林街6-1號,107
197,282,杜拜風情時尚旅館,428,428臺中市大雅區神林南路568號,29
198,283,神木谷假期大飯店,424,424臺中市和平區東關路一段溫泉巷7號,31
199,285,愛力根汽車旅館,435,435臺中市梧棲區港埠路二段450號,20
200,287,水悅麗緻會館,412,412臺中市大里區永隆里永隆七街137號,25
201,288,新峰旅社,413,413臺中市霧峰區中正路875巷2號,7
202,289,荷村汽車旅館,435,"435臺中市梧棲區中華路一段1131巷1,2,3,5至20號",20
203,291,夢想12旅店,404,404臺中市北區柳川西路4段1號12樓1號、2號,31
204,292,艾菲爾文化旅店,435,435臺中市梧棲區臨港路四段298號,28
205,294,豪爵大飯店台中館,403,403臺中市西區五權路1-23號,101
206,296,福容大飯店 麗寶樂園,421,421臺中市后里區福容路88號,272
207,297,台中富信大飯店,400,400臺中市中區市府路14號,88
208,298,成旅晶贊飯店,400,400臺中市中區民權路66號、繼光街25號1至9樓,109
209,299,涵館汽車旅館,408,408臺中市南屯區惠弘街169號,45
210,300,日月千禧酒店,407,407臺中市西屯區市政路77號,243
211,301,梨山賓館,424,424臺中市和平區梨山里中正路91、91-3、91-4、91-6號,97
212,304,伊麗莎白酒店,403,403臺中市西區中美街471號3-9樓,47
213,305,來來商旅,404,"404臺中市北區三民路三段125號B1,1,5,9樓",74
214,306,塔木德酒店-台中館,407,407臺中市西屯區西屯路二段200號,98
215,307,西悠飯店 台中店 CU HOTEL,404,404臺中市北區進化北路429、431號、梅川西路三段109號3至6樓,140
216,309,承億文旅台中鳥日子,403,403臺中市西區忠明南路98號B2-7樓,72
217,310,悅樂旅店,400,400臺中市中區中山路55號,41
218,311,麻雀巢行旅,400,400臺中市中區中山路175巷15號,74
219,312,水雲端旗艦概念旅館（旗艦主題館）,407,407臺中市西屯區環中路二段1565號,41
220,313,水雲端旗艦概念旅館（精品商務館）,407,407臺中市西屯區青海南街159號,54
221,316,知客商旅,407,407臺中市西屯區福星北三街33巷56號,47
222,317,旅幸福-台中館,400,"400臺中市中區繼光街166號1樓,4樓之1,6樓之1",58
223,318,星享道酒店,407,407臺中市西屯區福星北路18號,86
224,319,唯二設計文旅城中館,400,400臺中市中區光復路42之3號,70
225,320,雀客快捷台中福星二館,407,407臺中市西屯區福星北三街35號,22
226,321,歐菲旅店,403,403臺中市西區忠明南路333號、325號、325號2樓之1至之8,21
227,323,福星旅店,407,407臺中市西屯區福星北路45號,56
228,324,LA VIDA HOTEL 逢甲商旅,407,407臺中市西屯區西屯路二段275之2號,114
229,325,五都大飯店,420,420臺中市豐原區三豐路一段2號、東北街3號,120
230,326,台中商務旅館－八仙山莊,424,424臺中市和平區東關路一段200號之8,18
231,327,塔木德酒店Choice-一中館,404,404臺中市北區太平路22號3樓至7樓,72
232,328,頭等艙飯店綠園道館,403,403臺中市西區美村路一段22號4樓之1至4樓之104、5樓之1至5樓之104,57
233,330,都樂旅館,407,407臺中市西屯區臺灣大道四段458號,29
234,331,馥格堡酒店,403,403臺中市西區美村路一段22號3樓之1至3樓之111,41
235,332,星漾商旅,404,"404臺中市北區錦南街17號,錦新街30號4-9樓,,32號4-9樓",96
236,333,璞樹文旅,407,407臺中市西屯區黎明路三段235號,42
237,334,台中車站快捷旅店,401,401臺中市東區復興路四段184號,21
238,335,奇異果快捷旅店－站前二館,403,403臺中市西區綠川西街29號,29
239,336,THE LIN HOTEL TAICHUNG林酒店,407,407臺中市西屯區朝富路99號,295
240,337,雲端商務旅館,400,400臺中市中區公園路36號,112
241,338,葉綠宿旅館,407,407臺中市西屯區西屯路二段287號2樓至7樓,65
242,339,悅樂旅店-台中文心店,406,406臺中市北屯區文心路四段339號,59
243,340,雲平精品旅館,411,411臺中市太平區新興路106號,53
244,341,過來旅店,400,400臺中市中區市府路101號,21
245,343,紫禁城精品汽車旅館,408,408臺中市南屯區大墩六街488號,68
246,344,背包41青年旅館,400,400臺中市中區繼光街59號,16
247,345,賀緹酒店,411,411臺中市太平區育賢路286號,217
248,346,雀客旅館台中黎明,407,407臺中市西屯區福星西路39號地下2至地上1層、3至10層,41
249,347,雲河概念旅館,408,408臺中市南屯區黎明路二段708號,74
250,348,元素會館,400,400臺中市中區市府路81號5、6樓,12
251,349,小西城旅店,403,403臺中市西區五權路96號7、8、9樓,20
252,350,葉綠宿 台中車站館,400,400臺中市中區建國路173號,93
253,351,台中芭蕾城堡酒店,408,408臺中市南屯區向上路三段221號,55
254,352,鵲絲旅店,407,407臺中市西屯區福星路230-1至230-4、232、232-1至232-4號,63
255,353,GOGO HOTEL,407,407臺中市西屯區四川路138號,48
256,354,薆悅酒店,401,401臺中市東區台中路203號,107
257,355,和昕商旅,400,400臺中市中區自由路二段135號(1至4樓),31
258,356,威汀城市酒店,428,428臺中市大雅區民生路一段100號5樓,125
259,357,博客創意旅店,404,404臺中市北區錦新街40號,39
260,358,水舞行館,407,407臺中市西屯區龍富路5段200號,39
261,359,米樂旅店,407,407臺中市西屯區黎明路三段493號,40
262,360,茂華商旅,437,437臺中市大甲區蔣公路170號,74
263,361,宜舍單人旅店,400,400臺中市中區臺灣大道一段100號10樓、綠川西街133號10樓之一,60
264,362,星河商旅,400,400臺中市中區綠川西街135號9樓之1,43
265,363,承攜行旅台中自由館,400,400臺中市中區自由路二段66號、66號8樓,81
266,364,伯達行旅,407,407臺中市西屯區上墩路1號,59
267,365,豐和立99行館Hotel 99,407,407臺中市西屯區福星北一街83號,25
268,366,愛麗絲國際大飯店,403,403臺中市西區柳川西路二段77號,200
269,367,希堤微旅Hotel Mapp,407,407臺中市西屯區上石路158號1樓,21
270,368,藍天飯店,400,400臺中市中區市府路38、40號,61
271,369,君瑞精品旅店,401,401臺中市東區復興路四段100號9樓之1、10樓之1,27
272,370,香富大飯店,401,401臺中市東區建成路700號,70
273,371,快樂腳旅棧,400,400臺中市中區中華路一段185號9樓之1至9樓之16、10樓之1至10樓之17,30
274,372,風華嚼旅,404,404臺中市北區育才北路73號,22
275,373,新盛橋行旅,400,400臺中市中區中山路26號,31
276,374,悅河精品旅館,407,407臺中市西屯區經貿路二段488號,42
277,375,台中愛戀旅店,404,404臺中市北區錦祥街22號,40
278,376,圖樂文旅,407,407臺中市西屯區文華路138巷1-1號,48
279,377,米力旅店,407,407臺中市西屯區福星北一街15號,81
280,378,草悟道文旅,403,403臺中市西區英才路512號6至12樓,74
281,379,回行旅,407,407臺中市西屯區至善路188號、186號2樓,100
282,380,皇星商旅(中港館),407,407臺中市西屯區臺灣大道三段552號,27
283,381,達斯旅店,407,407臺中市西屯區西平里逢甲路19巷16號7樓之1,28
284,382,綠宿行旅,403,403臺中市西區民生北路126號、126號2樓、3樓之1、3樓之2、4樓之1、4樓之2、5樓至7樓,36
285,383,潛立方旅館,407,407臺中市西屯區安和西路69號,30
286,384,星漾商旅(中清館),404,404臺中市北區中清路一段63號,63
287,385,荷米旅居,400,400臺中市中區中山路320、322號,36
288,386,綠夜文旅,403,403臺中市西區公正路122號,30
289,387,國際知客會館,407,407臺中市西屯區福星北三街33巷52號,70
290,388,時空行旅,403,403臺中市西區明義街71號,36
291,389,凝萃文旅台中車站店,400,400臺中市中區綠川西街135號4樓之一、之二,127
292,390,樂活行館,408,408臺中市南屯區永春東七路599號,37
293,391,卡爾登飯店台中館,403,403臺中市西區忠明南路61號,105
294,392,田中央旅店,401,401臺中市東區大智路65號1至11樓,70
295,393,撲克商旅,403,403臺中市西區西區民權路67號,26
296,394,雀客旅館台中文心中清,404,404臺中市北區北平路一段6號,89
297,395,黎安商旅商務旅館,407,407臺中市西屯區西墩里13鄰上安北街18號,78
298,396,雀客快捷台中一中,404,404臺中市北區錦新街18號2樓之1~3至7樓之1~3、2樓之5~7至6樓之5~7、7樓之5（2至7層）,34
299,397,夢樓旅店,407,407臺中市西屯區河南路二段311、313號2至4樓、315號2至4樓,21
300,398,隱和旅,407,407臺中市西屯區西屯路二段272之16號,48
301,399,宇春商旅,407,407臺中市西屯區廣吉一街102號,45
302,400,台中朝聖行旅2館,404,404臺中市北區雙十路二段92號10-11樓,39
303,401,桂之旅,407,407臺中市西屯區惠來路三段188號,31
304,402,逢甲25行館,407,407臺中市西屯區逢甲路301巷22弄1號,25
305,403,莿桐花文創微旅,400,400臺中市中區臺灣大道一段141巷11號,29
306,404,雀客旅館台中中山,400,400臺中市中區市府路66號、66號2~6樓(之1、之2)、66號7樓、66號7樓之1,32
307,405,天韻旅館,407,407臺中市西屯區市政南一路307號,34
308,406,迷你屋旅舍,433,433臺中市沙鹿區興安路46-1號,22
309,407,覓玥精品時尚旅館,411,411臺中市太平區環中東路四段629號,70
310,408,金采商旅,400,400臺中市中區綠川西街135號11樓之1,43
311,409,探索私旅,407,407臺中市西屯區漢翔路3號,79
312,410,七二旅店,400,400臺中市中區自由路二段72號10樓之1、11樓之1,18
313,411,挪威森林漫活休閒旅館,411,411臺中市太平區環中東路四段369號,75
314,412,植光花園酒店,400,400臺中市中區光復路50、52號2~6樓,45
315,413,述夏汽車旅館,406,406臺中市北屯區軍功路二段267號,28
316,414,草悟道漂鳥青年旅館,403,403臺中市西區公益路201號4~7樓,36
317,415,米力行旅台中火車站館,401,401臺中市東區大勇街69號2、4樓,74
318,416,HOTEL Z,407,407臺中市西屯區福星北一街61號,36
319,417,薆悅酒店-Grand,404,404臺中市北區五權路228號、228號2~10樓、228號地下1樓,109
320,419,三好行旅,408,408臺中市南屯區文心路一段552號3~14樓(之1),141
321,420,台中大毅老爺行旅,403,403臺中市西區英才路601號,170
322,421,雀客快捷台中福星,407,407臺中市西屯區福星北一街59號,21
323,422,旅巷輕旅,400,400臺中市中區成功路10號5樓之1、6樓之1,27
324,423,萊特薇庭(LIGHT WEDDING),407,407臺中市西屯區龍富路五段400號3~6樓,20
325,424,極光旅館,406,406臺中市北屯區經貿東路111號,33
326,425,黑金文旅,400,400臺中市中區中山路175巷20號,1
327,426,鳥人創意旅店,406,406臺中市北屯區經貿三路二段55號,33
328,427,台中萬楓酒店,407,407臺中市西屯區環中路二段1155號,131
329,428,雲月精品會館,412,412臺中市大里區勝利二路100號,41
330,429,二八樹巷藝術文旅,407,407臺中市西屯區櫻城一街85號,24
331,430,順天環匯酒店,407,407臺中市西屯區臺灣大道三段​818號二樓之3、之5~9，三樓之1~3、之5~9，四樓之1~3、之5~9，十一樓之1~3、之5~9，十四樓之1~3、之5~9（2~4、11、14層）,71
332,431,皇冠文旅,404,404臺中市北區三民路三段125號6~8樓,74
333,432,印象西湖精品汽車旅館,412,412臺中市大里區中山路190號,20
334,433,圖格旅旅館,400,400臺中市中區成功路339號,9
335,434,赫絲珀HSR高鐵行旅,414,414臺中市烏日區新興路255號,74
336,435,久窩行旅-逢甲館,407,407臺中市西屯區文華路43號(2-5樓),24
337,436,臺中逢甲智選假日酒店,407,407臺中市西屯區福星北三街33巷28號,96
338,437,余舍行旅,407,407臺中市西屯區環中路二段1129號,58
339,438,微行旅,407,407臺中市西屯區福星路333號,44
340,439,城市漫遊行旅,406,406臺中市北屯區庄美街198號、198號2樓至6樓,61
341,440,虹夕諾雅 谷關,424,424臺中市和平區東關路一段溫泉巷16號,50
342,441,緣點旅館,401,401臺中市東區大公街29號,47
343,442,熊棧旅館,407,407臺中市西屯區西墩南一巷15號2~3樓,8
344,443,路得行旅台中站前館,400,400臺中市中區建國路123號8~12樓(之1),48
345,445,新幹線花園酒店,408,408臺中市南屯區工業區十八路29號,116
346,446,漫旅光城,400,400臺中市中區中區光復路169-1號,28
347,447,浮雲客棧旅館,407,407臺中市西屯區西安街277巷59號1~13樓,174
348,448,雀客旅館台中青海,407,407臺中市西屯區青海南街150號,62
349,449,嬉行旅,403,403臺中市西區民權路225巷8號1~4樓,33
350,450,叮噹旅舍,407,407臺中市西屯區漢翔北街51號2~6樓(之1~之2),47
351,451,誠星旅館,403,403臺中市西區公益路68號14~15樓,47
352,452,GETCHA旅店,404,404臺中市北區一中街166號,29
353,453,楓華沐月行館,404,404臺中市北區臺灣大道一段635號1~10樓,58
354,454,久窩行旅-一中館,404,404臺中市北區三民路三段92-3號9~10樓,15
355,455,華利大旅社,400,400臺中市中區雙十路一段35號4樓至8樓,34
356,456,台中李方艾美酒店,400,400臺中市中區建國路111號、111號14樓至19樓、111號21樓,228
357,457,曼特先生 Mr.Mantter,400,400臺中市中區臺灣大道一段271號,35
358,458,地表最潮文旅,403,403臺中市西區民生路356號2樓、358號2樓、360號2樓、362號2樓、368巷2弄6號2樓、368巷2弄8號2樓、368巷2弄9號2樓、368巷2弄10號、368巷2弄11號2樓、368巷2弄12號、368巷,31
359,459,Su Taichung Hostel 巢旅宿,400,400臺中市中區自由路二段6號8樓之1、9樓之1、10樓之1,34
360,460,想窩11旅館,433,433臺中市沙鹿區東晉一街11號(1~5樓),36
361,461,明通行商旅,400,400臺中市中區平等街24號(1、3至7樓),33
362,462,麗寶賽車主題旅店,421,421臺中市后里區月眉南路197號,230
363,463,葉綠宿-一中館,404,404臺中市北區北區雙十路一段89-1號,27
364,464,東旅-台中站前一館,400,400臺中市中區臺灣大道一段201號9~12樓,24
365,465,東旅,400,400臺中市中區臺灣大道一段201號5~8樓,24
366,466,浪琴文創旅館,403,403臺中市西區忠明南路206號,36
367,467,沐品居旅館,400,400臺中市中區成功路10號12樓之1,6
368,468,康茵行旅,414,414臺中市烏日區大同九街73號2樓之1、之2、之3、之5，3樓之1、之2、之3、之5,74
369,469,台中豐邑慕奇夕酒店,408,408臺中市南屯區文心南六路288號、288號2樓、288號3樓,262
370,470,梧棲行旅,435,435臺中市梧棲區大仁路2段291巷10號,54
371,471,玉坤田商旅,433,433臺中市沙鹿區中山路485巷39號2至6樓,20
372,472,閒雲小居會館,400,400臺中市中區繼光街123號2至6樓,39
373,473,大甲御和園商務汽車旅館,438,438臺中市外埔區大東里甲后路五段171號,47
374,474,木木行館,406,406臺中市北屯區旱溪西路三段522號,42
375,475,挪威森林文創休閒旅館,402,402臺中市南區正氣街36號,45
376,476,好瓦文旅,433,433臺中市沙鹿區福成路​255巷8號三樓之1~3、5~13、15~16、四樓之1~3、5~13、15及​255巷8號等公共設施,27
377,477,豐禾行旅,404,404臺中市北區五權路377號1樓至7樓,49
378,478,朵茉行館,407,407臺中市西屯區龍德路二段520號,33
379,479,惠來谷關溫泉會館,424,424臺中市和平區東關路一段溫泉巷10號,49
380,480,一期家旅,403,403臺中市西區五權路17號、17號3至7樓（1至7層）,22
381,481,台中鳳凰酒店,400,400臺中市中區民權路​​162號及​164號地下1樓至地上9樓,263
382,482,縵和旅居,400,400臺中市中區民族路145號,18
383,483,樂微行旅,402,402臺中市南區民意街66號,24
384,484,崇賢振英旅社,404,404臺中市北區漢口路四段345巷16號3樓,24
385,485,震大金鬱金香酒店,435,435臺中市梧棲區築港路築港巷66號,118
386,486,享沃行旅,407,407臺中市西屯區西安街169號,20
387,487,享得道行旅,407,407臺中市西屯區河南路二段207號3樓、4~9樓(之1、之2),168
388,488,禾淞津別邸,407,407臺中市西屯區大洲街69號1~6樓,22
389,489,金瑞文旅,407,407臺中市西屯區福星路245號、245號3樓、245號4樓,62
390,490,春樹商旅,403,403臺中市西區五權五街151號10樓之1至之40、之42至之65,64
391,491,暮雲商旅,403,403臺中市西區五權五街151號11樓之1至之39、之41至之64,62
392,492,旅居文旅台中文心館,404,404臺中市北區漢口路四段86號,121
393,493,由扉寓所,407,407臺中市西屯區漢翔路111號2樓之1至3、2樓之5至11、3樓之1至3、3樓之5至10、4樓之1至3、4樓之5至11、5樓之1至3、5樓之5至10、6樓之1至2、6樓之5至6、6樓之9至11及113號,45
394,494,萊恩佳文旅,407,407臺中市西屯區福星路228號、228之1號、228之2號、228之3號、228之4號,20
395,495,台中朝聖行旅1館,404,404臺中市北區雙十路二段92號7至9樓,66
396,496,烏日璞旅,414,414臺中市烏日區健行路751、753、755(地上1-2層)、757號,170
397,497,臺中勤美洲際酒店,403,403臺中市西區館前路77號、77號6樓、9樓、12至17樓,206
398,498,森朵文旅,407,407臺中市西屯區福科路239號2樓(門牌號),42
399,499,N2 Hotel,404,404臺中市北區一中街233號,29
400,500,雅潭休閒農場,428,428臺中市大雅區西寶里雅潭路三段527號,3
