專用標識編號,中文名稱,地址
苗栗縣旅館001號,栗華飯店,"360苗栗縣苗栗市中華路83,85號"
苗栗縣旅館002號,王府大飯店,360苗栗縣苗栗市為公路三東巷3號
苗栗縣旅館005號,琪海汽車旅館,350苗栗縣竹南鎮苗栗縣竹南鎮八德一路181號
苗栗縣旅館006號,愛情海旅館,351苗栗縣頭份市興隆路一段176號
苗栗縣旅館008號,初夏汽車旅館,363苗栗縣公館鄉苗栗縣公館鄉館南村通明街182巷9號
苗栗縣旅館009號,新興旅社,360苗栗縣苗栗市建國街3號
苗栗縣旅館011號,來來大旅社,360苗栗縣苗栗市為公路559-1號
苗栗縣旅館012號,華王大旅社,360苗栗縣苗栗市中山路3號
苗栗縣旅館015號,銀座大旅社,357苗栗縣通霄鎮光復路65號
苗栗縣旅館016號,國賓大旅社,357苗栗縣通霄鎮中正路105號
苗栗縣旅館019號,泰莉莎旅店,351苗栗縣頭份市中華路1091號4樓之1
苗栗縣旅館021號,御和園商務汽車旅館,350苗栗縣竹南鎮公義路1500號
苗栗縣旅館026號,梅芬大旅社,356苗栗縣後龍鎮勝利街250-14號
苗栗縣旅館027號,西湖渡假大飯店,367苗栗縣三義鄉西湖村西湖11號
苗栗縣旅館029號,丸松大旅社,360苗栗縣苗栗市中山路658號
苗栗縣旅館030號,新光明大旅社,350苗栗縣竹南鎮博愛街48號
苗栗縣旅館031號,米南汽車旅館,360苗栗縣苗栗市新英里新英76號
苗栗縣旅館032號,東園大飯店,351苗栗縣頭份市信東路115號
苗栗縣旅館035號,台灣新旅社,350苗栗縣竹南鎮中山路28號1-2樓
苗栗縣旅館036號,九龍大飯店,350苗栗縣竹南鎮中山路136號
苗栗縣旅館038號,中興旅社,366苗栗縣銅鑼鄉銅鑼里新興路4號
苗栗縣旅館039號,佳來大旅社,351苗栗縣頭份市和平路92號
苗栗縣旅館040號,高賓旅社,360苗栗縣苗栗市中正路116號
苗栗縣旅館043號,竹豐旅社,350苗栗縣竹南鎮和平街95號
苗栗縣旅館046號,日出溫泉渡假飯店,365苗栗縣泰安鄉錦水村橫龍山34號
苗栗縣旅館047號,綠庭商務旅館,360苗栗縣苗栗市中正路462號5樓
苗栗縣旅館049號,福星大旅社,360苗栗縣苗栗市中山路236號
苗栗縣旅館050號,月心汽車旅館,360苗栗縣苗栗市經國路四段505巷9號
苗栗縣旅館053號,國泰大旅社,358苗栗縣苑裡鎮中山路182號
苗栗縣旅館054號,金龍大旅社,356苗栗縣後龍鎮北龍里中山街88-11號
苗栗縣旅館057號,虎山溫泉會館,365苗栗縣泰安鄉錦水村圓墩73-1號
苗栗縣旅館058號,騰龍山莊,365苗栗縣泰安鄉錦水村橫龍山5號
苗栗縣旅館059號,芝柏山汽車旅?,350苗栗縣竹南鎮四維街90號
苗栗縣旅館061號,欣悅商務旅店,351苗栗縣頭份市自強里中華路1319號1-5樓
苗栗縣旅館062號,南苗大旅社,360苗栗縣苗栗市中正路898號
苗栗縣旅館063號,春谷農場,353苗栗縣南庄鄉南江里14鄰小東河25號
苗栗縣旅館067號,遊桐花休閒汽車旅館,356苗栗縣後龍鎮龍坑里十班坑155-16號
苗栗縣旅館068號,御香園商務汽車旅館,357苗栗縣通霄鎮中山路522號
苗栗縣旅館069號,頭緣汽車旅館,351苗栗縣頭份市工業路25號
苗栗縣旅館070號,泰安觀止溫泉會館,365苗栗縣泰安鄉錦水村圓墩58-7號
苗栗縣旅館071號,湯悅溫泉會館,365苗栗縣泰安鄉錦水村橫龍山45號
苗栗縣旅館074號,亞漫妮商務汽車旅館,351苗栗縣頭份市公園六街96號
苗栗縣旅館075號,楓林時尚汽車旅館,363苗栗縣公館鄉五谷村2鄰五谷二路216號
苗栗縣旅館077號,欣達休閒旅館 (在飛牛牧場內),357苗栗縣通霄鎮南和167-1號
苗栗縣旅館078號,愛麗舍精品旅館,351苗栗縣頭份市中華路1489號
苗栗縣旅館079號,F商旅三義館,"367苗栗縣三義鄉廣盛村復興路16-1號B1-8樓,16-2號1-8樓"
苗栗縣旅館080號,御親園商務汽車旅館,363苗栗縣公館鄉五谷村12鄰五谷二路55號
苗栗縣旅館082號,尚順君樂飯店,351苗栗縣頭份市育樂街6號
苗栗縣旅館084號,觀霧山莊,365苗栗縣泰安鄉梅園村觀霧8號
苗栗縣旅館085號,采莓行館,364苗栗縣大湖鄉大湖村中山路37號
苗栗縣旅館086號,享沐時光,358苗栗縣苑裡鎮石鎮里錦山8-1、8-2號
苗栗縣旅館087號,禾家商旅,360苗栗縣苗栗市建功里忠孝路77號
苗栗縣旅館088號,崎頂新樂園,350苗栗縣竹南鎮崎頂里北戶39號
苗栗縣旅館089號,銅鑼灣商務旅館,366苗栗縣銅鑼鄉銅鑼村中正路152號
苗栗縣旅館090號,舞牛森度假飯店,357苗栗縣通霄鎮12鄰南和165-5號
苗栗縣旅館091號,水漾月明度假文旅,362苗栗縣頭屋鄉明德村明德路54號
苗栗縣民宿001號,馨雅民宿,367苗栗縣三義鄉廣盛村37鄰廣聲新城21號
苗栗縣民宿003號,楚留香民宿,365苗栗縣泰安鄉清安村12鄰洗水坑114號
苗栗縣民宿004號,眉山居,353苗栗縣南庄鄉田美村6鄰田美106號
苗栗縣民宿006號,力新小築,353苗栗縣南庄鄉南江村5鄰東江100號
苗栗縣民宿013號,富錸民宿,364苗栗縣大湖鄉東興村7鄰上湖99號
苗栗縣民宿014號,栗田庄,353苗栗縣南庄鄉南江村14鄰小東河17-2號
苗栗縣民宿019號,侑橘休閒農園,352苗栗縣三灣鄉永和村8鄰北坑12-1號
苗栗縣民宿020號,向陽田園,367苗栗縣三義鄉龍騰村1鄰龍騰9-5號
苗栗縣民宿021號,霖園民宿,354苗栗縣獅潭鄉永興村3鄰永興16-6號
苗栗縣民宿022號,紅磚屋特色民宿,353苗栗縣南庄鄉南江村9鄰里金館32-3號
苗栗縣民宿029號,吶善瑪固,353苗栗縣南庄鄉東河村24鄰鹿場19號
苗栗縣民宿030號,里京館,353苗栗縣南庄鄉南江村9鄰里金館33號
苗栗縣民宿033號,友泰民宿溫泉館,365苗栗縣泰安鄉錦水村6鄰圓墩46-2號
苗栗縣民宿034號,如意園,357苗栗縣通霄鎮福興里4鄰33-9號
苗栗縣民宿035號,般若民宿,365苗栗縣泰安鄉錦山村5鄰圓墩16-2號
苗栗縣民宿039號,吉娃斯,365苗栗縣泰安鄉錦水村9鄰橫龍山44號
苗栗縣民宿041號,達拉灣民宿,365苗栗縣泰安鄉士林村5鄰馬那邦32-1號
苗栗縣民宿042號,ㄠ嶩民宿,365苗栗縣泰安鄉梅園村2鄰梅園23號
苗栗縣民宿045號,長青谷,369苗栗縣卓蘭鎮上新里15鄰食水坑78號
苗栗縣民宿046號,桐莊,363苗栗縣公館鄉福德村4鄰福德35-12號
苗栗縣民宿050號,毓琇圖書山莊,353苗栗縣南庄鄉南江村9鄰里金館35號
苗栗縣民宿053號,湖畔花時間,364苗栗縣大湖鄉義和村8鄰淋漓坪126號
苗栗縣民宿054號,宜家園,353苗栗縣南庄鄉南江村14鄰小東河1-1號
苗栗縣民宿055號,馬力十族民宿,365苗栗縣泰安鄉錦水村12鄰圓墩92號
苗栗縣民宿058號,欣園民宿,357苗栗縣通霄鎮內島里2鄰內島16-7號
苗栗縣民宿060號,鹿野觀雲民宿,363苗栗縣公館鄉福德村4鄰福德35-11號
苗栗縣民宿061號,福村養生農場,363苗栗縣公館鄉福德村1鄰福德7-1號
苗栗縣民宿062號,福田瓦舍,367苗栗縣三義鄉龍騰村1鄰龍騰26號
苗栗縣民宿063號,伴月民宿,353苗栗縣南庄鄉蓬萊村5鄰紅毛館68-1號
苗栗縣民宿064號,石壁彩虹民宿,353苗栗縣南庄鄉東河村21鄰石壁21號
苗栗縣民宿066號,杉林松境,353苗栗縣南庄鄉東河村12鄰橫屏背26號
苗栗縣民宿067號,逸悅山莊,367苗栗縣三義鄉雙潭村13鄰崩山下9之1號
苗栗縣民宿068號,容園谷景觀渡假山莊,353苗栗縣南庄鄉蓬萊村18鄰紅毛館17號
苗栗縣民宿071號,玉荷園,353苗栗縣南庄鄉東村中正路242號
苗栗縣民宿073號,馨享士宸,364苗栗縣大湖鄉新開村16鄰10份11-1號
苗栗縣民宿074號,水雲間,353苗栗縣南庄鄉東河村10鄰六隘寮23號
苗栗縣民宿077號,兆陽樓,363苗栗縣公館鄉福德村4鄰福德36-13號
苗栗縣民宿079號,鳳櫻碧山莊,353苗栗縣南庄鄉蓬萊村9鄰42份8-9號
苗栗縣民宿083號,竹美民宿,365苗栗縣泰安鄉錦水村9鄰橫龍山35之2號
苗栗縣民宿084號,福軒養生館,367苗栗縣三義鄉雙潭村10鄰雙連潭155號
苗栗縣民宿087號,山居蘭園,353苗栗縣南庄鄉南富村22鄰四灣77之1號
苗栗縣民宿093號,百合山莊,353苗栗縣南庄鄉南江村17鄰福南50號
苗栗縣民宿095號,尤瑪阿麗,365苗栗縣泰安鄉錦水村6鄰圓墩40之1號
苗栗縣民宿098號,石門客棧,364苗栗縣大湖鄉栗林村16鄰竹橋20號
苗栗縣民宿099號,翠松苑民宿,357苗栗縣通霄鎮南和里10鄰南和127-1號
苗栗縣民宿101號,南江璞園,353苗栗縣南庄鄉南江村3鄰東江31-8號
苗栗縣民宿102號,柏竺山莊,367苗栗縣三義鄉雙潭村13鄰崩山下10號
苗栗縣民宿103號,好望角民宿,357苗栗縣通霄鎮福興里11鄰126-3號
苗栗縣民宿104號,?州小木屋,367苗栗縣三義鄉龍騰村13鄰龍騰6-7號
苗栗縣民宿106號,綠風民宿,363苗栗縣公館鄉福德村4鄰福德36-21號
苗栗縣民宿108號,雲莊空間密碼民宿,364苗栗縣大湖鄉富興村12鄰水尾坪49-20號
苗栗縣民宿112號,我的花園,363苗栗縣公館鄉館南村24鄰館南293-2號
苗栗縣民宿113號,雲夢山林民宿,365苗栗縣泰安鄉清安村12鄰洗水坑114-1號
苗栗縣民宿114號,寶康花卉農場,353苗栗縣南庄鄉田美村12鄰四灣47-2號
苗栗縣民宿115號,松緣民宿,353苗栗縣南庄鄉田美村2鄰田美22-22號
苗栗縣民宿117號,老古董民宿,365苗栗縣泰安鄉清安村5鄰洗水坑141-2號
苗栗縣民宿118號,桂橘園民宿,354苗栗縣獅潭鄉永興村3鄰永興16-7號
苗栗縣民宿121號,茗緣居民宿,367苗栗縣三義鄉雙潭村8鄰雙連潭100號
苗栗縣民宿122號,八卦力民宿,353苗栗縣南庄鄉蓬萊村11鄰八卦力25-1號
苗栗縣民宿125號,湯神民宿,364苗栗縣大湖鄉大寮村12鄰大窩1-10號
苗栗縣民宿126號,太湖民宿,364苗栗縣大湖鄉大寮村7鄰草崠21號
苗栗縣民宿127號,神棹仙境民宿,352苗栗縣三灣鄉大河村2鄰神棹山20號
苗栗縣民宿129號,仙山民宿,353苗栗縣南庄鄉蓬萊村2鄰紅毛館35號
苗栗縣民宿130號,黃石山莊,367苗栗縣三義鄉雙潭村13鄰崩山下2號
苗栗縣民宿131號,慈夢柔民宿,364苗栗縣大湖鄉富興村9鄰八寮灣1-10號
苗栗縣民宿132號,馬拉邦渡假山莊,364苗栗縣大湖鄉東興村12鄰上湖87號
苗栗縣民宿135號,碧絡角民宿,353苗栗縣南庄鄉東河村12鄰橫屏背25號
苗栗縣民宿136號,石濤園,367苗栗縣三義鄉雙潭村12鄰石峎32號
苗栗縣民宿138號,青杉嶴民宿,353苗栗縣南庄鄉東河村21鄰石壁23號
苗栗縣民宿139號,陶然渡假山莊,353苗栗縣南庄鄉蓬萊村9鄰42份8-5號
苗栗縣民宿140號,東里家風,358苗栗縣苑裡鎮苑坑里2鄰苑坑8號
苗栗縣民宿142號,湯唯民宿,365苗栗縣泰安鄉錦水村10鄰橫龍山72-2號
苗栗縣民宿143號,阿湯哥民宿,365苗栗縣泰安鄉錦水村10鄰橫龍山72-1號
苗栗縣民宿147號,總統民宿,353苗栗縣南庄鄉田美村12鄰紫金山莊93號
苗栗縣民宿148號,薑麻園裕國山莊,364苗栗縣大湖鄉栗林村9鄰薑麻園12之6號
苗栗縣民宿150號,曲中居音樂民宿,353苗栗縣南庄鄉西村5鄰中山路96之3號
苗栗縣民宿151號,楓葉地圖民宿,364苗栗縣大湖鄉東興村5鄰上湖108號
苗栗縣民宿154號,卓也小屋,367苗栗縣三義鄉雙潭村13鄰崩山下1-9號
苗栗縣民宿156號,禪之宿,367苗栗縣三義鄉雙潭村13鄰崩山下9之3號
苗栗縣民宿159號,愛面子民宿,367苗栗縣三義鄉雙潭村11鄰雙連潭138號
苗栗縣民宿163號,米堤園,353苗栗縣南庄鄉南江村9鄰里金館40號
苗栗縣民宿164號,安碩民宿,361苗栗縣造橋鄉大西村8鄰尖豐路186巷1弄66號
苗栗縣民宿165號,巧克力雲莊,364苗栗縣大湖鄉富興村4鄰水尾坪82號
苗栗縣民宿166號,綠草地,353苗栗縣南庄鄉南江村9鄰里金館32-8號
苗栗縣民宿167號,藝欣山莊,353苗栗縣南庄鄉東村中正路138號
苗栗縣民宿169號,都瑪斯民宿,365苗栗縣泰安鄉梅園村1鄰梅園12-1號
苗栗縣民宿172號,慕哲哈比屋,367苗栗縣三義鄉廣盛村34鄰重河路324之12號
苗栗縣民宿175號,陳媽媽民宿,352苗栗縣三灣鄉內灣村1鄰二灣8號
苗栗縣民宿176號,景舍休閒山莊,353苗栗縣南庄鄉蓬萊村9鄰42份8-17號
苗栗縣民宿177號,南庄蔓森活民宿,353苗栗縣南庄鄉蓬萊村9鄰42份7-3號
苗栗縣民宿182號,土牧驛健康農莊,365苗栗縣泰安鄉八卦村4鄰八卦力59-3號
苗栗縣民宿183號,田媽媽民宿,367苗栗縣三義鄉廣盛村4鄰廣盛60之1號
苗栗縣民宿185號,天然居民宿,365苗栗縣泰安鄉清安村3鄰小南角16之1號
苗栗縣民宿186號,穆月樓民宿,365苗栗縣泰安鄉清安村3鄰小南角16-2號
苗栗縣民宿189號,圓夢築,367苗栗縣三義鄉廣盛村41鄰八股館前9巷1-5號
苗栗縣民宿191號,三義幸福小築館前民宿,367苗栗縣三義鄉廣盛村39鄰八股路館前2巷1-2號
苗栗縣民宿192號,薇萱小築,367苗栗縣三義鄉廣盛村41鄰八股館前9巷1-11號
苗栗縣民宿194號,向天湖咖啡民宿,353苗栗縣南庄鄉東河村16鄰向天湖26號
苗栗縣民宿195號,飛螢農莊,357苗栗縣通霄鎮福興里11鄰福興126號
苗栗縣民宿196號,伽芝萊民宿,357苗栗縣通霄鎮福興里13鄰福興148-6號
苗栗縣民宿197號,南庄好山好水民宿,353苗栗縣南庄鄉蓬萊村4鄰紅毛館53-6號
苗栗縣民宿198號,?娟夢田,367苗栗縣三義鄉龍騰村1鄰龍騰9-1號
苗栗縣民宿199號,南莊民宿小哥的家,353苗栗縣南庄鄉南江村10鄰石坑3-2號
苗栗縣民宿200號,一葉蘭民宿,353苗栗縣南庄鄉東河村24鄰鹿場21-1號
苗栗縣民宿203號,南庄橄欖樹咖啡民宿,353苗栗縣南庄鄉蓬萊村9鄰42份7-6號
苗栗縣民宿204號,桐花森林渡假民宿,353苗栗縣南庄鄉南江村3鄰東江31-6號
苗栗縣民宿206號,菊園,364苗栗縣大湖鄉栗林村9鄰薑麻園15號
苗栗縣民宿207號,天花湖民宿,362苗栗縣頭屋鄉飛鳳村3鄰飛鳳40-1號
苗栗縣民宿208號,日光呼吸,362苗栗縣頭屋鄉明德村2鄰明德43-1號
苗栗縣民宿209號,樹也民宿,367苗栗縣三義鄉龍騰村5鄰外庄27-1號
苗栗縣民宿211號,左岸LED庭園,353苗栗縣南庄鄉東河村1鄰東興新?176號
苗栗縣民宿213號,松鶴祥和居民宿,363苗栗縣公館鄉仁安村9鄰仁安118-3號
苗栗縣民宿217號,仙山農園民宿,354苗栗縣獅潭鄉新店村1鄰小東勢19號
苗栗縣民宿218號,薄霧館民宿,367苗栗縣三義鄉廣盛村41鄰八股路館前8巷1-2號
苗栗縣民宿221號,苗栗松鶴陶然居民宿,363苗栗縣公館鄉仁安村9鄰仁安118-7號
苗栗縣民宿222號,花露民宿,369苗栗縣卓蘭鎮西坪里4鄰西坪43-3號
苗栗縣民宿223號,遇見台灣百合,352苗栗縣三灣鄉銅鏡村7鄰大銅鑼圈69-11號
苗栗縣民宿224號,慕農客民宿,363苗栗縣公館鄉開礦村1鄰開礦22-10號
苗栗縣民宿225號,譚家園民宿,353苗栗縣南庄鄉田美村2鄰田美23-7號
苗栗縣民宿226號,印象.泰雅渡假民宿,365苗栗縣泰安鄉象鼻村1鄰象鼻39號
苗栗縣民宿228號,栗丘民宿,366苗栗縣銅鑼鄉朝陽村1鄰朝北3-1號
苗栗縣民宿229號,普羅旺斯鄉村民宿,353苗栗縣南庄鄉蓬萊村9鄰42份8之35號
苗栗縣民宿231號,問樵山居,353苗栗縣南庄鄉田美村1鄰田美20號
苗栗縣民宿232號,御品園,369苗栗縣卓蘭鎮西坪里3鄰西坪36-26號
苗栗縣民宿233號,野薑花森林坊,367苗栗縣三義鄉雙潭村13鄰崩山下3號
苗栗縣民宿234號,御賞屋民宿,364苗栗縣大湖鄉富興村9鄰八寮灣1-60號
苗栗縣民宿235號,翡翠別館,353苗栗縣南庄鄉員林村15鄰屯營68號
苗栗縣民宿236號,逗號民宿,353苗栗縣南庄鄉南江村17鄰福南58號
苗栗縣民宿237號,福人居,364苗栗縣大湖鄉大南村6鄰大南勢32-1號
苗栗縣民宿238號,山水居民宿,364苗栗縣大湖鄉栗林村13鄰內雙坑5-5號
苗栗縣民宿239號,湖畔栗鯉,364苗栗縣大湖鄉新開村2鄰新開69-1號
苗栗縣民宿240號,山明民宿,367苗栗縣三義鄉廣盛村6鄰復興路52-1號
苗栗縣民宿241號,戀戀山水農莊民宿,363苗栗縣公館鄉開礦村2鄰開礦30號
苗栗縣民宿242號,富川花園,353苗栗縣南庄鄉東村17鄰環清路36號
苗栗縣民宿243號,福美青鳥山莊,353苗栗縣南庄鄉獅山村1鄰田美15-1號
苗栗縣民宿245號,金成山莊,353苗栗縣南庄鄉東村2鄰東江26號
苗栗縣民宿246號,萱草森林鄉村民宿,353苗栗縣南庄鄉蓬萊村9鄰42份8-1號
苗栗縣民宿253號,水岸明珠,353苗栗縣南庄鄉西村11鄰大屋坑32-5號
苗栗縣民宿254號,釣魚台農莊,362苗栗縣頭屋鄉明德村21鄰仁隆52號
苗栗縣民宿255號,春友庭園民宿,353苗栗縣南庄鄉東村17鄰南庄111號
苗栗縣民宿258號,瑪懷舒民宿,365苗栗縣泰安鄉錦水村6鄰圓墩39-6號
苗栗縣民宿259號,石風民宿,364苗栗縣大湖鄉富興村6鄰水尾5-10號
苗栗縣民宿260號,哈利匠民宿,365苗栗縣泰安鄉士林村4鄰馬那邦2-6號
苗栗縣民宿261號,釣魚的貓,357苗栗縣通霄鎮福興里13鄰福興148之12號
苗栗縣民宿262號,勻淨湖民宿,364苗栗縣大湖鄉新開村3鄰新開70之2號
苗栗縣民宿263號,長屋民宿,357苗栗縣通霄鎮福興里8鄰福興88之8號
苗栗縣民宿265號,櫻花渡假會館,367苗栗縣三義鄉廣盛村41鄰八股路館前8巷1-18號
苗栗縣民宿267號,八角居所民宿,354苗栗縣獅潭鄉新豐村6鄰八角坑2之1號
苗栗縣民宿268號,美富安休閒館,365苗栗縣泰安鄉象鼻村3鄰永安33之6號
苗栗縣民宿269號,水采田家,367苗栗縣三義鄉鯉魚潭村12鄰上山下60-5號
苗栗縣民宿270號,白沙墩民宿,357苗栗縣通霄鎮白西里10鄰白西57號
苗栗縣民宿271號,藝術巴黎民宿,353苗栗縣南庄鄉南江村5鄰東江91號
苗栗縣民宿272號,愛山居民宿,364苗栗縣大湖鄉栗林村13鄰內雙坑5-1號
苗栗縣民宿273號,綠波浪森林會館民宿,367苗栗縣三義鄉龍騰村13鄰龍騰3之6號
苗栗縣民宿274號,加州莊園民宿,353苗栗縣南庄鄉蓬萊村9鄰42份8-39號
苗栗縣民宿275號,五福山莊民宿,367苗栗縣三義鄉龍騰村12鄰草排40號
苗栗縣民宿276號,象鼻休閒山莊,365苗栗縣泰安鄉象鼻村1鄰象鼻9之3號
苗栗縣民宿277號,桐遊柿界民宿,363苗栗縣公館鄉館東村12鄰館東166之6號
苗栗縣民宿279號,湯源民宿,365苗栗縣泰安鄉錦水村7鄰圓墩63之3號
苗栗縣民宿280號,史迪奈民宿,367苗栗縣三義鄉鯉魚潭村4鄰鯉魚口77-1號
苗栗縣民宿282號,星宿民宿,353苗栗縣南庄鄉蓬萊村4鄰紅毛館53-1號
苗栗縣民宿283號,好自在民宿,365苗栗縣泰安鄉大興村4鄰57號
苗栗縣民宿285號,瞭望角民宿,365苗栗縣泰安鄉清安村3鄰小南角66號
苗栗縣民宿286號,好地方民宿,353苗栗縣南庄鄉南江村23鄰福南24之6號
苗栗縣民宿287號,泉銘行館,364苗栗縣大湖鄉富興村7鄰八寮灣33之31號
苗栗縣民宿288號,我的家51-6民宿,363苗栗縣公館鄉福星村2鄰福星51之6號
苗栗縣民宿289號,綠野神農休閒民宿,363苗栗縣公館鄉仁安村9鄰仁安122-28號
苗栗縣民宿290號,微微風民宿,367苗栗縣三義鄉廣盛村41鄰八股路館前7巷1-1號 
苗栗縣民宿291號,圓夢山莊民宿,357苗栗縣通霄鎮城北里11鄰城北89之5號
苗栗縣民宿292號,攬月莊民宿,363苗栗縣公館鄉福德村4鄰福德35-2號
苗栗縣民宿293號,馨藝庭園民宿,368苗栗縣西湖鄉高埔村2鄰大窩10之9號
苗栗縣民宿294號,上山回家民宿,364苗栗縣大湖鄉東興村5鄰上湖85之5號
苗栗縣民宿295號,戀空民宿,361苗栗縣造橋鄉造橋村15鄰東坑9之3號
苗栗縣民宿296號,桐花山莊,367苗栗縣三義鄉廣盛村41鄰八股路館前8巷1之10號
苗栗縣民宿297號,蓬萊仙境渡假山莊,353苗栗縣南庄鄉蓬萊村10鄰四二份20之8號
苗栗縣民宿298號,樂福民宿,367苗栗縣三義鄉雙潭村6鄰雙連潭87之3號
苗栗縣民宿299號,築夢農莊,363苗栗縣公館鄉福星村2鄰福星43之2號
苗栗縣民宿301號,富邑山莊,353苗栗縣南庄鄉田美村4鄰田美72之1號
苗栗縣民宿302號,水頭人家,364苗栗縣大湖鄉大寮村10鄰水頭寮14之8號
苗栗縣民宿305號,地圖楓葉民宿,364苗栗縣大湖鄉東興村5鄰上湖109號
苗栗縣民宿306號,旅人藝棧民宿,367苗栗縣三義鄉廣盛村37鄰廣聲新城11巷1號
苗栗縣民宿307號,21杉林別墅,353苗栗縣南庄鄉南江村19鄰南江9之2號
苗栗縣民宿308號,霧上雲端,364苗栗縣大湖鄉栗林村9鄰薑麻園13號
苗栗縣民宿309號,衝到山上去放空民宿,363苗栗縣公館鄉福星村7鄰福星227之3號
苗栗縣民宿310號,蘇維拉民宿,353苗栗縣南庄鄉田美村16鄰四灣92號
苗栗縣民宿311號,和風民宿,363苗栗縣公館鄉仁安村6鄰仁安100之17號
苗栗縣民宿312號,風山漸民宿,353苗栗縣南庄鄉田美村2鄰田美22之3號
苗栗縣民宿313號,好珈農莊,367苗栗縣三義鄉龍騰村8鄰外庄62之6號
苗栗縣民宿314號,麥克尼景觀莊園,353苗栗縣南庄鄉東村17鄰南庄121號
苗栗縣民宿315號,天堂鳥民宿,353苗栗縣南庄鄉南江村5鄰東江98號
苗栗縣民宿316號,百成民宿,353苗栗縣南庄鄉南江村14鄰小東河23之2號
苗栗縣民宿317號,新百香民宿,353苗栗縣南庄鄉南江村14鄰小東河23之5號
苗栗縣民宿318號,紅蜻蜓民宿,357苗栗縣通霄鎮南和里11鄰南和135之2號
苗栗縣民宿319號,三義幸福小築民宿,367苗栗縣三義鄉廣盛村40鄰八股路館前5巷1-7號
苗栗縣民宿320號,山湖戀民宿,369苗栗縣卓蘭鎮上新里10鄰食水坑11之6號
苗栗縣民宿321號,百芙灡民宿,365苗栗縣泰安鄉梅園村6鄰天狗27之1號
苗栗縣民宿323號,南庄風鈴木咖啡民宿,353苗栗縣南庄鄉東村16鄰南庄79之5號
苗栗縣民宿324號,檜意村民宿,357苗栗縣通霄鎮南和里9鄰南和113之6號
苗栗縣民宿325號,湯之美溫泉,365苗栗縣泰安鄉錦水村10鄰橫龍山59之7號
苗栗縣民宿327號,三義竺夢園民宿,367苗栗縣三義鄉廣盛村41鄰八股路館前8巷1之5號
苗栗縣民宿329號,南庄漫晨旅店,353苗栗縣南庄鄉西村4鄰中山路40號
苗栗縣民宿331號,雲朵花園,353苗栗縣南庄鄉南江村3鄰東江31之13號
苗栗縣民宿332號,七里香民宿,354苗栗縣獅潭鄉竹木村4鄰北庄8號
苗栗縣民宿333號,夏內爾渡假民宿,364苗栗縣大湖鄉富興村7鄰八寮灣38號
苗栗縣民宿334號,藝術家莊園民宿,368苗栗縣西湖鄉高埔村2鄰大窩10之11號
苗栗縣民宿335號,麥可妮莊園,353苗栗縣南庄鄉東村17鄰南庄113號
苗栗縣民宿338號,逗點民宿,352苗栗縣三灣鄉內灣村1鄰龍峎頂5之17號
苗栗縣民宿339號,草山境,363苗栗縣公館鄉開礦村2鄰開礦26之10號
苗栗縣民宿340號,雲也山莊,369苗栗縣卓蘭鎮西坪里10鄰西坪122之6號
苗栗縣民宿341號,任意宿民宿,358苗栗縣苑裡鎮苑北里16鄰成功路7巷9號
苗栗縣民宿342號,八角隱士莊園,354苗栗縣獅潭鄉新豐村6鄰八角坑2之2號
苗栗縣民宿343號,水星花時間,364苗栗縣大湖鄉義和村8鄰淋漓坪110號
苗栗縣民宿344號,桂築林庭園民宿,353苗栗縣南庄鄉東村16鄰南庄78之10號 
苗栗縣民宿346號,看山民宿,354苗栗縣獅潭鄉新店村15鄰大東勢20之5號
苗栗縣民宿348號,景山林,369苗栗縣卓蘭鎮景山里4鄰景山63之3號
苗栗縣民宿349號,翩翩泰安 ,365苗栗縣泰安鄉錦水村11鄰圓墩86之6號
苗栗縣民宿350號,龜樹民宿,363苗栗縣公館鄉玉谷村1鄰玉谷7之5號
苗栗縣民宿351號,觀雲田莊,353苗栗縣南庄鄉員林村4鄰小南埔19之2號
苗栗縣民宿352號,卓也藏山館,367苗栗縣三義鄉雙潭村13鄰崩山下1之5號
苗栗縣民宿354號,三義行館,367苗栗縣三義鄉廣盛村41鄰八股路館前8巷1之19號 
苗栗縣民宿355號,石話石說民宿,367苗栗縣三義鄉廣盛村40鄰八股路館前6巷1之1號 
苗栗縣民宿356號,幸福綠光,353苗栗縣南庄鄉南江村14鄰小東河17之3號
苗栗縣民宿357號,日光森林,364苗栗縣大湖鄉大南村2鄰小南勢2之2號
苗栗縣民宿358號,正在旅行,367苗栗縣三義鄉廣盛村39鄰八股路館前2巷1之10號
苗栗縣民宿359號,巨缿民宿,367苗栗縣三義鄉勝興村22鄰水美105號
苗栗縣民宿360號,春雨庄園,353苗栗縣南庄鄉獅山村1鄰田美16之2號
苗栗縣民宿361號,燕子陶,353苗栗縣南庄鄉南江村19鄰南江6之3號
苗栗縣民宿362號,登陸天王星,364苗栗縣大湖鄉義和村8鄰淋漓坪120號
苗栗縣民宿363號,祁家院,363苗栗縣公館鄉館東村10鄰館東143之9號
苗栗縣民宿364號,響水客棧,363苗栗縣公館鄉開礦村13鄰開礦193號
苗栗縣民宿365號,御花苑民宿,364苗栗縣大湖鄉義和村11鄰和興22之8號
苗栗縣民宿366號,樂津民宿,367苗栗縣三義鄉鯉魚潭村2鄰鯉魚口36之10號
苗栗縣民宿367號,水漾西湖,367苗栗縣三義鄉西湖村2鄰西湖21之1號
苗栗縣民宿369號,老寮民宿,353苗栗縣南庄鄉南江村22鄰南江街50號
苗栗縣民宿370號,慕雲想莊園饗旅,362苗栗縣頭屋鄉象山村15鄰濫坑57之2號 
苗栗縣民宿371號,通霄三合院農?,357苗栗縣通霄鎮通灣里1鄰通灣9之1號
苗栗縣民宿373號,雅心山莊,362苗栗縣頭屋鄉明德村10鄰明德路127號
苗栗縣民宿374號,閱微森林,353苗栗縣南庄鄉東村16鄰南庄83之1號
苗栗縣民宿375號,山房子,353苗栗縣南庄鄉南江村10鄰石坑18之8號
苗栗縣民宿376號,桐鄉民宿,367苗栗縣三義鄉勝興村25鄰水美257之1號 
苗栗縣民宿377號,翡翠金鑽民宿,350苗栗縣竹南鎮大埔里1鄰大埔街131號
苗栗縣民宿378號,新之住民宿,353苗栗縣南庄鄉南江村5鄰東江73之6號
苗栗縣民宿379號,綠丘行旅,357苗栗縣通霄鎮城南里5鄰城南66之5號
苗栗縣民宿381號,晴園民宿,353苗栗縣南庄鄉南富村22鄰四灣76號
苗栗縣民宿383號,櫻之芳庭民宿,363苗栗縣公館鄉福星村7鄰福星227之9號
苗栗縣民宿384號,輕山居,357苗栗縣通霄鎮福興里10鄰福興112之33號
苗栗縣民宿385號,自然風情民宿,369苗栗縣卓蘭鎮西坪里12鄰西坪134之7號
苗栗縣民宿386號,焉之美術空間館,367苗栗縣三義鄉龍騰村1鄰龍騰12號
苗栗縣民宿387號,灣麗甜馨民宿,358苗栗縣苑裡鎮田心里8鄰田心83之19號
苗栗縣民宿388號,銅鑼有一種慢,366苗栗縣銅鑼鄉銅鑼村39鄰雙峰路文園巷86之3號
苗栗縣民宿390號,翡翠如意民宿,350苗栗縣竹南鎮大埔里1鄰大埔街129號
苗栗縣民宿392號,癩蛤蟆民宿,367苗栗縣三義鄉龍騰村8鄰外庄66號
苗栗縣民宿393號,小樹的家,366苗栗縣銅鑼鄉福興村3鄰中山路130之1號
苗栗縣民宿394號,向草語蟲民宿,367苗栗縣三義鄉勝興村13鄰勝興50之1號
苗栗縣民宿395號,坪林五二民宿,369苗栗縣卓蘭鎮坪林里5鄰坪林52號
苗栗縣民宿396號,尋找愛麗絲民宿,357苗栗縣通霄鎮福興里2鄰福興13之6號
苗栗縣民宿397號,橘子民宿,350苗栗縣竹南鎮竹南里7鄰民治街12號
苗栗縣民宿398號,喫茶居民宿,363苗栗縣公館鄉福星村2鄰福星43之13號
苗栗縣民宿399號,南庄拾光民宿,353苗栗縣南庄鄉南江村10鄰石坑22號
苗栗縣民宿401號,三義漫步山林民宿,367苗栗縣三義鄉廣盛村41鄰八股路館前9巷1之9號
苗栗縣民宿402號,風山雅筑莊園民宿,366苗栗縣銅鑼鄉盛隆村5鄰盛隆45之18號
苗栗縣民宿403號,沁澐森林莊園,367苗栗縣三義鄉雙潭村16鄰崩山下45之1號
苗栗縣民宿404號,雲洞山莊,367苗栗縣三義鄉雙潭村16鄰崩山下45號
苗栗縣民宿405號,西湖柚子家民宿,368苗栗縣西湖鄉湖東村8鄰埔頂9之45號
苗栗縣民宿406號,晨境森林,353苗栗縣南庄鄉蓬萊村4鄰紅毛館46號
苗栗縣民宿407號,清風朗月莊,363苗栗縣公館鄉福星村10鄰福星312之8號
苗栗縣民宿408號,紅棗民宿,363苗栗縣公館鄉中義村11鄰中義267之5號
苗栗縣民宿409號,無盡夏民宿,353苗栗縣南庄鄉東河村6鄰東興新?55號
苗栗縣民宿410號,酵法自然民宿,356苗栗縣後龍鎮溪洲里14鄰溪洲137之6號
苗栗縣民宿411號,?寓民宿,369苗栗縣卓蘭鎮西坪里4鄰西坪43之18號
苗栗縣民宿412號,?宅民宿,369苗栗縣卓蘭鎮西坪里4鄰西坪43之19號
苗栗縣民宿413號,星之森民宿,353苗栗縣南庄鄉南江村3鄰東江31之15號
苗栗縣民宿414號,美之宿,353苗栗縣南庄鄉田美村2鄰田美22之27號
苗栗縣民宿415號,山田民宿,353苗栗縣南庄鄉田美村3鄰田美66之1號
苗栗縣民宿417號,揚昊民宿,358苗栗縣苑裡鎮蕉埔里8鄰蕉埔86之6號
苗栗縣民宿418號,莓景風采民宿,364苗栗縣大湖鄉大湖村1鄰中原路80號
苗栗縣民宿419號,宣妮民宿,350苗栗縣竹南鎮崎頂里6鄰北戶26之2號
苗栗縣民宿420號,小樹枋民宿,367苗栗縣三義鄉廣盛村41鄰八股路館前7巷1之19號
苗栗縣民宿421號,怡花優靜民宿,353苗栗縣南庄鄉田美村3鄰田美55之2號
苗栗縣民宿422號,微光書旅民宿,366苗栗縣銅鑼鄉銅鑼村19鄰中正路5號
苗栗縣民宿423號,印象莊園民宿,368苗栗縣西湖鄉高埔村3鄰大窩20之9號
苗栗縣民宿424號,石坑口民宿,353苗栗縣南庄鄉南江村13鄰石坑61之6號
苗栗縣民宿425號,杉桐雅築,367苗栗縣三義鄉廣盛村41鄰八股路館前8巷1之1號
苗栗縣民宿426號,公館柿子紅了,363苗栗縣公館鄉福德村3鄰福德21號
苗栗縣民宿428號,苗栗桐馨莊園民宿,363苗栗縣公館鄉福星村1鄰福星29之2號
苗栗縣民宿429號,靛靛民宿,367苗栗縣三義鄉勝興村10鄰勝興13之5號
苗栗縣民宿430號,六沐森民宿,363苗栗縣公館鄉仁安村6鄰仁安99之21號
苗栗縣民宿431號,炭鄉八八庭園民宿,367苗栗縣三義鄉雙湖村22鄰大坑88號
苗栗縣民宿432號,鯉享童樂親子民宿,367苗栗縣三義鄉鯉魚潭村3鄰鯉魚口65之9號
苗栗縣民宿433號,桐顏桐雨渡假山莊,353苗栗縣南庄鄉蓬萊村9鄰四二份8之18號
苗栗縣民宿434號,兔子跳跳親子民宿,350苗栗縣竹南鎮大埔里2鄰科專八路10號
苗栗縣民宿435號,新發興莊園,364苗栗縣大湖鄉大南村3鄰小南勢44號
苗栗縣民宿437號,灣麗客庄民宿,358苗栗縣苑裡鎮客庄里5鄰中正路89號
苗栗縣民宿438號,石壁民宿,364苗栗縣大湖鄉富興村1鄰法雲寺5之3號
苗栗縣民宿440號,莎力畝民宿,365苗栗縣泰安鄉中興村5鄰司馬限19號
苗栗縣民宿441號,蘊慢築民宿,363苗栗縣公館鄉福星村8鄰福星262之5號
苗栗縣民宿443號,安禾居民宿,360苗栗縣苗栗市嘉盛里26鄰為公路686巷1號
苗栗縣民宿445號,小仙肉民宿,360苗栗縣苗栗市維新里21鄰新東街347巷56號
苗栗縣民宿446號,三義說走就走民宿,367苗栗縣三義鄉廣盛村39鄰八股路館前2巷1之22號
苗栗縣民宿447號,溪水旁民宿,367苗栗縣三義鄉?湖村17鄰?湖81之2號
苗栗縣民宿448號,南庄東村民宿,353苗栗縣南庄鄉東村10鄰南庄75之1號
苗栗縣民宿449號,杉林民宿,353苗栗縣南庄鄉東河村12鄰橫屏背26之1號
苗栗縣民宿450號,木星花時間民宿,364苗栗縣大湖鄉義和村8鄰淋漓坪113號
苗栗縣民宿451號,聚福居民宿,363苗栗縣公館鄉仁安村9鄰仁安118之2號
苗栗縣民宿452號,屋登莊園,362苗栗縣頭屋鄉獅潭村8鄰獅潭101之2號
苗栗縣民宿454號,三義漫遊桐花民宿,367苗栗縣三義鄉廣盛村41鄰八股路館前8巷1之26號
苗栗縣民宿455號,天水居,353苗栗縣南庄鄉東河村10鄰六隘寮2之1號
苗栗縣民宿456號,樂吧溪畔莊園,353苗栗縣南庄鄉獅山村5鄰田美22之5號
苗栗縣民宿457號,幸福倍增,353苗栗縣南庄鄉南富村17鄰四灣27之3號
苗栗縣民宿458號,進泉莊民宿,354苗栗縣獅潭鄉新店村12鄰新店164之3號
苗栗縣民宿459號,北河莊園,363苗栗縣公館鄉北河村13鄰北河138之2號
苗栗縣民宿460號,綠意山莊民宿,358苗栗縣苑裡鎮蕉埔里8鄰蕉埔86之5號
苗栗縣民宿461號,岩川民宿,369苗栗縣卓蘭鎮景山里4鄰景山63之1號
苗栗縣民宿462號,格拉斯行館,353苗栗縣南庄鄉南江村5鄰東江80號6樓
苗栗縣民宿463號,山語,353苗栗縣南庄鄉南江村18鄰長崎下25號
苗栗縣民宿464號,三義壹號民宿,367苗栗縣三義鄉?潭村7鄰?連潭99號
苗栗縣民宿465號,萊穗民宿,358苗栗縣苑裡鎮舊社里4鄰舊社37之2號
苗栗縣民宿466號,?弄民宿,369苗栗縣卓蘭鎮西坪里4鄰西坪43-17號
苗栗縣民宿467號,肆院民宿,369苗栗縣卓蘭鎮西坪里4鄰西坪43-16號
苗栗縣民宿468號,福山居莊園,367苗栗縣三義鄉鯉魚潭村9鄰南片山下52-9號
苗栗縣民宿469號,耶西民宿,353苗栗縣南庄鄉獅山村8鄰獅山20-2號
苗栗縣民宿470號,觀心農舍,367苗栗縣三義鄉?湖村?湖99-1號
苗栗縣民宿471號,櫻花樹夏民宿,350苗栗縣竹南鎮正南里10鄰中山路47號
苗栗縣民宿472號,甘丹民宿,367苗栗縣三義鄉?湖村15鄰?湖7之11號
苗栗縣民宿473號,碩玥民宿,363苗栗縣公館鄉仁安村9鄰122之10號
苗栗縣民宿475號,纖宴山莊民宿,367苗栗縣三義鄉?湖村22鄰大坑55之3號
苗栗縣民宿476號,南苑渡假莊園,353苗栗縣南庄鄉南江村14鄰小東河21號
苗栗縣民宿477號,金井灶之居,363苗栗縣公館鄉館東村9鄰館東133之1號
苗栗縣民宿478號,慵懶時光民宿,360苗栗縣苗栗市維新里21鄰新東街347巷37弄5號
苗栗縣民宿479號,官媽民宿,360苗栗縣苗栗市維新里21鄰新東街347巷51號
苗栗縣民宿480號,過云山居民宿,367苗栗縣三義鄉廣盛村13鄰八股路52號
苗栗縣民宿482號,南庄歡樂星球民宿,353苗栗縣南庄鄉西村9鄰中正路47-2號
苗栗縣民宿483號,大湖一品苑,364苗栗縣大湖鄉靜湖村5鄰和平路12號
苗栗縣民宿484號,山上咖啡民宿,352苗栗縣三灣鄉銅鏡村12鄰大銅鑼圈23之9號
苗栗縣民宿485號,興隆幸福小屋,366苗栗縣銅鑼鄉興隆村13鄰156之5號
苗栗縣民宿486號,炎山旅人,367苗栗縣三義鄉鯉魚潭村3鄰鯉魚口65之22號
苗栗縣民宿487號,春慢小築民宿,363苗栗縣公館鄉福星村4鄰福星122之3號
苗栗縣民宿488號,山行寄野民宿,353苗栗縣南庄鄉東河村12鄰橫屏背25之5號
苗栗縣民宿489號,九九之六莊園,366苗栗縣銅鑼鄉苗栗縣銅鑼鄉中平村7鄰中平99號
苗栗縣民宿490號,愛在甜心,364苗栗縣大湖鄉364苗栗縣大湖鄉富興村七鄰八寮灣33-5號
苗栗縣民宿491號,雙峰迓月,366苗栗縣銅鑼鄉苗栗縣銅鑼鄉雙峰路文園巷86-1號
苗栗縣民宿492號,慢慢桐霄民宿,357苗栗縣通霄鎮苗栗縣通霄鎮南和里5鄰南和48之8號
苗栗縣民宿493號,響水別苑,363苗栗縣公館鄉開礦村13鄰開礦194號
苗栗縣民宿494號,?銅鑼客棧,366苗栗縣銅鑼鄉銅鑼村39鄰雙峰路文園巷86之2號
苗栗縣民宿495號,星福居民宿,363苗栗縣公館鄉仁安村6鄰仁安100之16號
苗栗縣民宿496號,湖畔星館民宿,364苗栗縣大湖鄉義和村8鄰淋漓坪127號
苗栗縣民宿497號,裕見生活,353苗栗縣南庄鄉苗栗縣南庄鄉南江村3鄰東江38之12號
苗栗縣民宿498號,北河村民宿,363苗栗縣公館鄉北河村7鄰北河89號
苗栗縣民宿499號,後來的我們民宿,364苗栗縣大湖鄉富興村7鄰八寮灣37之3號
苗栗縣民宿500號,好穗民宿,357苗栗縣通霄鎮通西里30鄰信義路45號
苗栗縣民宿501號,浪漫香草,358苗栗縣苑裡鎮泰田里泰田108之10號
苗栗縣民宿502號,山林間,365苗栗縣泰安鄉大興村5鄰高熊?46號
苗栗縣民宿503號,內之島旅宿,357苗栗縣通霄鎮內島里1鄰內島9之3號
苗栗縣民宿504號,日日安泊民宿,354苗栗縣獅潭鄉新豐村1鄰八角林20之1號
苗栗縣民宿505號,漫泥民宿,363苗栗縣公館鄉尖山村尖山339之5號
苗栗縣民宿506號,悠閣民宿,353苗栗縣南庄鄉東村16鄰中正路196號
苗栗縣民宿507號,山行玫瑰民宿,353苗栗縣南庄鄉東河村12鄰橫屏背25之1號
苗栗縣民宿508號,大山清境,363苗栗縣公館鄉苗栗縣公館鄉開礦村1鄰開礦10號
